{
  "url": "https://www.salvatoremalatesta.com.au/social",
  "requestedUrl": "https://www.salvatoremalatesta.com.au/social",
  "timestamp": 1636877822735,
  "ranks": {
    "hundos": 5,
    "performance": 6,
    "accessibility": 6,
    "cumulative": 5
  },
  "lighthouse": {
    "version": "6.5.0",
    "performance": 0.94,
    "accessibility": 0.94,
    "bestPractices": 0.8,
    "seo": 0.98,
    "total": 366
  },
  "firstContentfulPaint": 1610.2690000000007,
  "speedIndex": 3145.399004149909,
  "largestContentfulPaint": 2065.7690000000007,
  "totalBlockingTime": 49,
  "cumulativeLayoutShift": 0.36004541015625,
  "timeToInteractive": 1995.8800000000012,
  "maxPotentialFirstInputDelay": 99,
  "timeToFirstByte": 32.859999999999985,
  "weight": {
    "summary": "13 requests • 95 KiB",
    "total": 97452,
    "image": 13265,
    "imageCount": 4,
    "script": 43359,
    "scriptCount": 6,
    "document": 4422,
    "font": 17491,
    "fontCount": 1,
    "stylesheet": 18915,
    "stylesheetCount": 1,
    "thirdParty": 93030,
    "thirdPartyCount": 12
  },
  "run": {
    "number": 3,
    "total": 3
  },
  "axe": {
    "passes": 84,
    "violations": 9
  }
}