{
  "url": "https://www.salvatoremalatesta.com.au/family",
  "requestedUrl": "https://www.salvatoremalatesta.com.au/family",
  "timestamp": 1636877730529,
  "ranks": {
    "hundos": 2,
    "performance": 2,
    "accessibility": 5,
    "cumulative": 2
  },
  "lighthouse": {
    "version": "6.5.0",
    "performance": 0.95,
    "accessibility": 0.94,
    "bestPractices": 0.8,
    "seo": 0.98,
    "total": 367
  },
  "firstContentfulPaint": 1599.5729999999999,
  "speedIndex": 1599.5729999999999,
  "largestContentfulPaint": 2231.073,
  "totalBlockingTime": 56.5,
  "cumulativeLayoutShift": 0.3015764973958333,
  "timeToInteractive": 2305.8345,
  "maxPotentialFirstInputDelay": 100,
  "timeToFirstByte": 50.94800000000001,
  "weight": {
    "summary": "16 requests • 136 KiB",
    "total": 139010,
    "image": 56312,
    "imageCount": 7,
    "script": 43367,
    "scriptCount": 6,
    "document": 2925,
    "font": 17491,
    "fontCount": 1,
    "stylesheet": 18915,
    "stylesheetCount": 1,
    "thirdParty": 136085,
    "thirdPartyCount": 15
  },
  "run": {
    "number": 1,
    "total": 3
  },
  "axe": {
    "passes": 115,
    "violations": 9
  }
}