{
  "url": "https://www.salvatoremalatesta.com.au/about",
  "requestedUrl": "https://www.salvatoremalatesta.com.au/about",
  "timestamp": 1636877749380,
  "ranks": {
    "hundos": 4,
    "performance": 4,
    "accessibility": 4,
    "cumulative": 4
  },
  "lighthouse": {
    "version": "6.5.0",
    "performance": 0.95,
    "accessibility": 0.94,
    "bestPractices": 0.8,
    "seo": 0.97,
    "total": 366
  },
  "firstContentfulPaint": 1726.2330000000002,
  "speedIndex": 1726.2330000000002,
  "largestContentfulPaint": 2151.733,
  "totalBlockingTime": 60,
  "cumulativeLayoutShift": 0.36004541015625,
  "timeToInteractive": 2375.318,
  "maxPotentialFirstInputDelay": 95,
  "timeToFirstByte": 32.28999999999999,
  "weight": {
    "summary": "13 requests • 94 KiB",
    "total": 95886,
    "image": 13261,
    "imageCount": 4,
    "script": 43360,
    "scriptCount": 6,
    "document": 2858,
    "font": 17491,
    "fontCount": 1,
    "stylesheet": 18916,
    "stylesheetCount": 1,
    "thirdParty": 93028,
    "thirdPartyCount": 12
  },
  "run": {
    "number": 2,
    "total": 3
  },
  "axe": {
    "passes": 72,
    "violations": 7
  }
}