{
  "url": "https://www.salvatoremalatesta.com.au/",
  "requestedUrl": "https://www.salvatoremalatesta.com.au/",
  "timestamp": 1636877743000,
  "ranks": {
    "hundos": 1,
    "performance": 1,
    "accessibility": 1,
    "cumulative": 1
  },
  "lighthouse": {
    "version": "6.5.0",
    "performance": 0.99,
    "accessibility": 0.94,
    "bestPractices": 0.87,
    "seo": 0.97,
    "total": 377
  },
  "firstContentfulPaint": 1575.325,
  "speedIndex": 1575.325,
  "largestContentfulPaint": 2138.325,
  "totalBlockingTime": 64,
  "cumulativeLayoutShift": 0.052146027035183375,
  "timeToInteractive": 2249.5429999999997,
  "maxPotentialFirstInputDelay": 101,
  "timeToFirstByte": 55,
  "weight": {
    "summary": "12 requests • 91 KiB",
    "total": 93594,
    "image": 10965,
    "imageCount": 3,
    "script": 43360,
    "scriptCount": 6,
    "document": 2855,
    "font": 17491,
    "fontCount": 1,
    "stylesheet": 18923,
    "stylesheetCount": 1,
    "thirdParty": 90739,
    "thirdPartyCount": 11
  },
  "run": {
    "number": 2,
    "total": 3
  },
  "axe": {
    "passes": 53,
    "violations": 5
  }
}