{
  "url": "https://stali.com.au/cart",
  "requestedUrl": "https://stali.com.au/cart",
  "timestamp": 1636876765785,
  "ranks": {
    "hundos": 8,
    "performance": 2,
    "accessibility": 4,
    "cumulative": 8
  },
  "lighthouse": {
    "version": "6.5.0",
    "performance": 0.48,
    "accessibility": 0.87,
    "bestPractices": 0.73,
    "seo": 0.79,
    "total": 287
  },
  "firstContentfulPaint": 2231.75,
  "speedIndex": 7424.252394456677,
  "largestContentfulPaint": 2755.7934999999998,
  "totalBlockingTime": 1255.9999999999982,
  "cumulativeLayoutShift": 0.026416015625,
  "timeToInteractive": 16990.686999999998,
  "maxPotentialFirstInputDelay": 350,
  "timeToFirstByte": 255.808,
  "weight": {
    "summary": "116 requests • 1,972 KiB",
    "total": 2019421,
    "image": 53113,
    "imageCount": 15,
    "script": 1692336,
    "scriptCount": 58,
    "document": 39281,
    "font": 38878,
    "fontCount": 2,
    "stylesheet": 50256,
    "stylesheetCount": 5,
    "thirdParty": 1977049,
    "thirdPartyCount": 103
  },
  "run": {
    "number": 3,
    "total": 3
  },
  "axe": {
    "passes": 719,
    "violations": 13
  }
}