{
  "url": "https://clementcoffee.com/pages/contact",
  "requestedUrl": "https://clementcoffee.com/pages/contact",
  "timestamp": 1636874716088,
  "ranks": {
    "hundos": 2,
    "performance": 1,
    "accessibility": 5,
    "cumulative": 2
  },
  "lighthouse": {
    "version": "6.5.0",
    "performance": 0.88,
    "accessibility": 0.94,
    "bestPractices": 0.93,
    "seo": 0.93,
    "total": 368
  },
  "firstContentfulPaint": 2146.872,
  "speedIndex": 3036.400629190372,
  "largestContentfulPaint": 2532.8719999999994,
  "totalBlockingTime": 324,
  "cumulativeLayoutShift": 0.008001132753160264,
  "timeToInteractive": 5030.687,
  "maxPotentialFirstInputDelay": 226,
  "timeToFirstByte": 276.715,
  "weight": {
    "summary": "33 requests • 474 KiB",
    "total": 485337,
    "image": 5354,
    "imageCount": 3,
    "script": 268556,
    "scriptCount": 16,
    "document": 25428,
    "font": 38876,
    "fontCount": 2,
    "stylesheet": 20975,
    "stylesheetCount": 1,
    "thirdParty": 459909,
    "thirdPartyCount": 32
  },
  "run": {
    "number": 3,
    "total": 3
  },
  "axe": {
    "passes": 526,
    "violations": 6
  }
}