{
  "url": "https://stali.com.au/pages/contact",
  "requestedUrl": "https://stali.com.au/pages/contact",
  "timestamp": 1636876418763,
  "ranks": {
    "hundos": 3,
    "performance": 3,
    "accessibility": 2,
    "cumulative": 3
  },
  "lighthouse": {
    "version": "6.5.0",
    "performance": 0.44,
    "accessibility": 0.88,
    "bestPractices": 0.8,
    "seo": 0.86,
    "total": 298
  },
  "firstContentfulPaint": 2332.857,
  "speedIndex": 8167.318350759959,
  "largestContentfulPaint": 2949.897,
  "totalBlockingTime": 1430.2039999999993,
  "cumulativeLayoutShift": 0.026416015625,
  "timeToInteractive": 17016.478499999997,
  "maxPotentialFirstInputDelay": 483,
  "timeToFirstByte": 459.019,
  "weight": {
    "summary": "93 requests • 1,854 KiB",
    "total": 1898127,
    "image": 52953,
    "imageCount": 14,
    "script": 1576471,
    "scriptCount": 50,
    "document": 38974,
    "font": 38877,
    "fontCount": 2,
    "stylesheet": 50271,
    "stylesheetCount": 5,
    "thirdParty": 1860312,
    "thirdPartyCount": 91
  },
  "run": {
    "number": 1,
    "total": 3
  },
  "axe": {
    "passes": 749,
    "violations": 13
  }
}