{
  "url": "https://sensorylab.com.au/pages/contact",
  "requestedUrl": "https://sensorylab.com.au/pages/contact",
  "timestamp": 1636874876623,
  "ranks": {
    "hundos": 5,
    "performance": 4,
    "accessibility": 9,
    "cumulative": 5
  },
  "lighthouse": {
    "version": "6.5.0",
    "performance": 0.37,
    "accessibility": 0.8,
    "bestPractices": 0.73,
    "seo": 0.91,
    "total": 281
  },
  "firstContentfulPaint": 2366.942,
  "speedIndex": 7798.925250766793,
  "largestContentfulPaint": 13072.807500000003,
  "totalBlockingTime": 510.50000000000045,
  "cumulativeLayoutShift": 0.40639965754747387,
  "timeToInteractive": 10516.288500000002,
  "maxPotentialFirstInputDelay": 221,
  "timeToFirstByte": 396.158,
  "weight": {
    "summary": "67 requests • 1,264 KiB",
    "total": 1294743,
    "image": 176611,
    "imageCount": 8,
    "script": 802815,
    "scriptCount": 35,
    "document": 24741,
    "font": 103837,
    "fontCount": 3,
    "stylesheet": 56272,
    "stylesheetCount": 4,
    "thirdParty": 1270002,
    "thirdPartyCount": 66
  },
  "run": {
    "number": 1,
    "total": 3
  },
  "axe": {
    "passes": 583,
    "violations": 15
  }
}