{
  "url": "https://www.salvatoremalatesta.com.au/photos",
  "requestedUrl": "https://www.salvatoremalatesta.com.au/photos",
  "timestamp": 1636877756106,
  "ranks": {
    "hundos": 6,
    "performance": 5,
    "accessibility": 3,
    "cumulative": 6
  },
  "lighthouse": {
    "version": "6.5.0",
    "performance": 0.94,
    "accessibility": 0.94,
    "bestPractices": 0.8,
    "seo": 0.97,
    "total": 365
  },
  "firstContentfulPaint": 1846.025,
  "speedIndex": 2130.1874852443502,
  "largestContentfulPaint": 2180.525,
  "totalBlockingTime": 59.5,
  "cumulativeLayoutShift": 0.3817651663886176,
  "timeToInteractive": 2418.025,
  "maxPotentialFirstInputDelay": 94,
  "timeToFirstByte": 95.96199999999999,
  "weight": {
    "summary": "19 requests • 568 KiB",
    "total": 581444,
    "image": 498869,
    "imageCount": 10,
    "script": 43371,
    "scriptCount": 6,
    "document": 2788,
    "font": 17491,
    "fontCount": 1,
    "stylesheet": 18925,
    "stylesheetCount": 1,
    "thirdParty": 578656,
    "thirdPartyCount": 18
  },
  "run": {
    "number": 2,
    "total": 3
  },
  "axe": {
    "passes": 89,
    "violations": 7
  }
}