{
  "url": "https://clementcoffee.com/cart",
  "requestedUrl": "https://clementcoffee.com/cart",
  "timestamp": 1636874539130,
  "ranks": {
    "hundos": 7,
    "performance": 3,
    "accessibility": 6,
    "cumulative": 7
  },
  "lighthouse": {
    "version": "6.5.0",
    "performance": 0.79,
    "accessibility": 0.94,
    "bestPractices": 0.87,
    "seo": 0.86,
    "total": 346
  },
  "firstContentfulPaint": 2137.725,
  "speedIndex": 3179.4099551389604,
  "largestContentfulPaint": 2366.2870000000003,
  "totalBlockingTime": 510.5,
  "cumulativeLayoutShift": 0.008001132753160264,
  "timeToInteractive": 6732.512999999999,
  "maxPotentialFirstInputDelay": 232,
  "timeToFirstByte": 256.262,
  "weight": {
    "summary": "47 requests • 624 KiB",
    "total": 639377,
    "image": 5559,
    "imageCount": 4,
    "script": 418652,
    "scriptCount": 25,
    "document": 26403,
    "font": 38875,
    "fontCount": 2,
    "stylesheet": 20952,
    "stylesheetCount": 1,
    "thirdParty": 610641,
    "thirdPartyCount": 44
  },
  "run": {
    "number": 1,
    "total": 3
  },
  "axe": {
    "passes": 487,
    "violations": 6
  }
}