{
  "url": "https://sensorylab.com.au/products/santo-espresso-blend",
  "requestedUrl": "https://sensorylab.com.au/products/santo-espresso-blend",
  "timestamp": 1636874960848,
  "ranks": {
    "hundos": 9,
    "performance": 7,
    "accessibility": 10,
    "cumulative": 9
  },
  "lighthouse": {
    "version": "6.5.0",
    "performance": 0.34,
    "accessibility": 0.75,
    "bestPractices": 0.73,
    "seo": 0.93,
    "total": 275
  },
  "firstContentfulPaint": 2265.897,
  "speedIndex": 7960.226597382883,
  "largestContentfulPaint": 6171.3255,
  "totalBlockingTime": 731.5000000000009,
  "cumulativeLayoutShift": 0.40598797853153795,
  "timeToInteractive": 10969.604500000001,
  "maxPotentialFirstInputDelay": 286,
  "timeToFirstByte": 255.699,
  "weight": {
    "summary": "87 requests • 1,425 KiB",
    "total": 1459207,
    "image": 237310,
    "imageCount": 14,
    "script": 887327,
    "scriptCount": 40,
    "document": 35015,
    "font": 103811,
    "fontCount": 3,
    "stylesheet": 58174,
    "stylesheetCount": 5,
    "thirdParty": 1418732,
    "thirdPartyCount": 84
  },
  "run": {
    "number": 2,
    "total": 3
  },
  "axe": {
    "passes": 937,
    "violations": 19
  }
}