{
  "url": "https://stali.com.au/collections/coffee/products/italo-disco",
  "requestedUrl": "https://stali.com.au/collections/coffee/products/italo-disco",
  "timestamp": 1636876516144,
  "ranks": {
    "hundos": 10,
    "performance": 8,
    "accessibility": 8,
    "cumulative": 10
  },
  "lighthouse": {
    "version": "6.5.0",
    "performance": 0.35,
    "accessibility": 0.85,
    "bestPractices": 0.73,
    "seo": 0.93,
    "total": 286
  },
  "firstContentfulPaint": 2373.675,
  "speedIndex": 8082.723068530437,
  "largestContentfulPaint": 4068.0200000000004,
  "totalBlockingTime": 1844.000000000001,
  "cumulativeLayoutShift": 0.031035418192545572,
  "timeToInteractive": 21363.795500000004,
  "maxPotentialFirstInputDelay": 362,
  "timeToFirstByte": 264.62,
  "weight": {
    "summary": "174 requests • 2,694 KiB",
    "total": 2758894,
    "image": 118770,
    "imageCount": 37,
    "script": 1989073,
    "scriptCount": 74,
    "document": 58962,
    "font": 38876,
    "fontCount": 2,
    "stylesheet": 52157,
    "stylesheetCount": 6,
    "thirdParty": 2698694,
    "thirdPartyCount": 167
  },
  "run": {
    "number": 2,
    "total": 3
  },
  "axe": {
    "error": "{}"
  }
}