{
  "url": "https://clementcoffee.com/collections/all",
  "requestedUrl": "https://clementcoffee.com/collections/all",
  "timestamp": 1636874456928,
  "ranks": {
    "hundos": 9,
    "performance": 9,
    "accessibility": 1,
    "cumulative": 9
  },
  "lighthouse": {
    "version": "6.5.0",
    "performance": 0.58,
    "accessibility": 0.94,
    "bestPractices": 0.93,
    "seo": 0.93,
    "total": 338
  },
  "firstContentfulPaint": 2669.3900000000003,
  "speedIndex": 4456.83274292666,
  "largestContentfulPaint": 3707.3900000000003,
  "totalBlockingTime": 997.1309999999994,
  "cumulativeLayoutShift": 0.008001132753160264,
  "timeToInteractive": 5722.071000000001,
  "maxPotentialFirstInputDelay": 609,
  "timeToFirstByte": 266.40100000000007,
  "weight": {
    "summary": "40 requests • 553 KiB",
    "total": 566460,
    "image": 63977,
    "imageCount": 9,
    "script": 268596,
    "scriptCount": 16,
    "document": 26999,
    "font": 59793,
    "fontCount": 3,
    "stylesheet": 20953,
    "stylesheetCount": 1,
    "thirdParty": 539461,
    "thirdPartyCount": 39
  },
  "run": {
    "number": 1,
    "total": 3
  },
  "axe": {
    "passes": 688,
    "violations": 6
  }
}