{
  "url": "https://clementcoffee.com/products/pony-blend",
  "requestedUrl": "https://clementcoffee.com/products/pony-blend",
  "timestamp": 1636874590857,
  "ranks": {
    "hundos": 10,
    "performance": 10,
    "accessibility": 7,
    "cumulative": 10
  },
  "lighthouse": {
    "version": "6.5.0",
    "performance": 0.51,
    "accessibility": 0.91,
    "bestPractices": 0.93,
    "seo": 1,
    "total": 335
  },
  "firstContentfulPaint": 2142.4680000000003,
  "speedIndex": 3643.249064857492,
  "largestContentfulPaint": 4333.467999999999,
  "totalBlockingTime": 915,
  "cumulativeLayoutShift": 0.010954966015285915,
  "timeToInteractive": 10907.544000000002,
  "maxPotentialFirstInputDelay": 367,
  "timeToFirstByte": 263.56,
  "weight": {
    "summary": "92 requests • 1,150 KiB",
    "total": 1177845,
    "image": 42529,
    "imageCount": 18,
    "script": 560788,
    "scriptCount": 36,
    "document": 37355,
    "font": 38876,
    "fontCount": 2,
    "stylesheet": 21430,
    "stylesheetCount": 1,
    "thirdParty": 1143197,
    "thirdPartyCount": 88
  },
  "run": {
    "number": 2,
    "total": 3
  },
  "axe": {
    "passes": 789,
    "violations": 9
  }
}