{
  "url": "https://stali.com.au/collections/the-grocer",
  "requestedUrl": "https://stali.com.au/collections/the-grocer",
  "timestamp": 1636876500189,
  "ranks": {
    "hundos": 7,
    "performance": 10,
    "accessibility": 6,
    "cumulative": 7
  },
  "lighthouse": {
    "version": "6.5.0",
    "performance": 0.3,
    "accessibility": 0.85,
    "bestPractices": 0.8,
    "seo": 0.93,
    "total": 288
  },
  "firstContentfulPaint": 2186.442,
  "speedIndex": 7182.55818356772,
  "largestContentfulPaint": 6772.071,
  "totalBlockingTime": 1036.0000000000018,
  "cumulativeLayoutShift": 0,
  "timeToInteractive": 17931.535499999998,
  "maxPotentialFirstInputDelay": 347.0000000000018,
  "timeToFirstByte": 257.939,
  "weight": {
    "summary": "99 requests • 2,431 KiB",
    "total": 2489022,
    "image": 618807,
    "imageCount": 20,
    "script": 1576027,
    "scriptCount": 50,
    "document": 43917,
    "font": 59793,
    "fontCount": 3,
    "stylesheet": 50258,
    "stylesheetCount": 5,
    "thirdParty": 2446272,
    "thirdPartyCount": 97
  },
  "run": {
    "number": 2,
    "total": 3
  },
  "axe": {
    "passes": 1549,
    "violations": 21
  }
}