{
  "url": "https://stali.com.au/pages/about",
  "requestedUrl": "https://stali.com.au/pages/about",
  "timestamp": 1636876586523,
  "ranks": {
    "hundos": 4,
    "performance": 6,
    "accessibility": 3,
    "cumulative": 4
  },
  "lighthouse": {
    "version": "6.5.0",
    "performance": 0.37,
    "accessibility": 0.87,
    "bestPractices": 0.8,
    "seo": 0.93,
    "total": 297
  },
  "firstContentfulPaint": 2399.102,
  "speedIndex": 7944.9654998758615,
  "largestContentfulPaint": 3536.894,
  "totalBlockingTime": 1383.5,
  "cumulativeLayoutShift": 0.35556640625,
  "timeToInteractive": 16579.3395,
  "maxPotentialFirstInputDelay": 643,
  "timeToFirstByte": 372.16700000000003,
  "weight": {
    "summary": "94 requests • 1,955 KiB",
    "total": 2002132,
    "image": 156295,
    "imageCount": 13,
    "script": 1576699,
    "scriptCount": 50,
    "document": 39679,
    "font": 38878,
    "fontCount": 2,
    "stylesheet": 49871,
    "stylesheetCount": 5,
    "thirdParty": 1963620,
    "thirdPartyCount": 92
  },
  "run": {
    "number": 2,
    "total": 3
  },
  "axe": {
    "passes": 728,
    "violations": 13
  }
}