{
  "url": "https://clementcoffee.com/collections/blends",
  "requestedUrl": "https://clementcoffee.com/collections/blends",
  "timestamp": 1636874467588,
  "ranks": {
    "hundos": 5,
    "performance": 6,
    "accessibility": 2,
    "cumulative": 5
  },
  "lighthouse": {
    "version": "6.5.0",
    "performance": 0.7,
    "accessibility": 0.94,
    "bestPractices": 0.93,
    "seo": 0.93,
    "total": 350
  },
  "firstContentfulPaint": 2138.453,
  "speedIndex": 4947.575070829151,
  "largestContentfulPaint": 3499.1605,
  "totalBlockingTime": 538,
  "cumulativeLayoutShift": 0.00785060543484158,
  "timeToInteractive": 5404.7515,
  "maxPotentialFirstInputDelay": 327,
  "timeToFirstByte": 283.9559999999999,
  "weight": {
    "summary": "37 requests • 524 KiB",
    "total": 536696,
    "image": 34949,
    "imageCount": 6,
    "script": 268733,
    "scriptCount": 16,
    "document": 26148,
    "font": 59791,
    "fontCount": 3,
    "stylesheet": 20952,
    "stylesheetCount": 1,
    "thirdParty": 510548,
    "thirdPartyCount": 36
  },
  "run": {
    "number": 1,
    "total": 3
  },
  "axe": {
    "passes": 577,
    "violations": 6
  }
}